epoch, lon, lat, alt, ascent_rate 
1616653884.0,144.95084366666666,-37.819169,26.5,0.0
1616653885.0,144.95084933333334,-37.819166833333334,26.1,0.0
1616653886.0,144.950855,-37.81916366666667,25.8,0.0
1616653887.0,144.95086033333334,-37.819166333333335,25.3,0.0
1616653888.0,144.95086716666665,-37.819165166666664,24.9,0.0
1616653889.0,144.950873,-37.819160833333335,24.6,0.0
1616653890.0,144.95088566666666,-37.81916966666667,24.5,0.0
1616653891.0,144.95089183333334,-37.81917833333333,24.8,0.0
1616653892.0,144.95089983333332,-37.81918266666667,25.8,0.0
1616653893.0,144.95091316666668,-37.8191945,27.0,0.05555555555555555
1616653894.0,144.95092566666668,-37.81920683333333,28.8,0.29999999999999993
1616653895.0,144.95094316666666,-37.81922933333333,30.5,0.5222222222222221
1616653896.0,144.95095733333332,-37.819244,32.5,0.7999999999999999
1616653897.0,144.95097566666666,-37.81927016666667,34.2,1.0333333333333339
1616653898.0,144.9509975,-37.81929983333333,36.4,1.311111111111111
1616653899.0,144.9510215,-37.819337833333336,38.4,1.5444444444444443
1616653900.0,144.95104233333333,-37.819373666666664,40.0,1.6888888888888889
1616653901.0,144.95106333333334,-37.81940216666667,41.8,1.7777777777777775
1616653902.0,144.9510895,-37.819440166666666,43.3,1.811111111111111
1616653903.0,144.95111333333332,-37.819474666666665,44.5,1.7444444444444445
1616653904.0,144.95113816666668,-37.819500166666664,45.9,1.711111111111111
1616653905.0,144.95116316666667,-37.81951933333333,46.7,1.5777777777777782
1616653906.0,0.0,0.0,0.0,-3.8000000000000003
1616653907.0,144.95118233333332,-37.81954966666667,72.8,4.044444444444444
1616653908.0,144.95120283333333,-37.8195705,73.3,3.8777777777777778
1616653909.0,144.95122566666666,-37.81958616666667,73.7,3.744444444444445
1616653910.0,144.95124966666666,-37.81959783333333,74.0,3.577777777777778
1616653911.0,144.95127616666667,-37.81962016666667,74.2,3.433333333333334
1616653912.0,144.95130466666666,-37.81962933333333,74.2,3.3000000000000003
1616653913.0,144.95132683333333,-37.81964133333334,74.2,3.144444444444445
1616653914.0,144.95135066666666,-37.819657,74.2,3.0555555555555554
1616653915.0,144.951372,-37.819674166666665,74.1,8.233333333333333
1616653916.0,144.95137466666668,-37.81968066666667,74.5,0.18888888888888922
1616653917.0,144.95138366666666,-37.81967683333333,73.9,0.06666666666666761
1616653918.0,144.9513945,-37.81968666666667,73.4,-0.03333333333333302
1616653919.0,144.951405,-37.819692833333335,72.9,-0.1222222222222216
1616653920.0,144.95141833333332,-37.819702166666666,72.6,-0.17777777777777873
1616653921.0,144.9514335,-37.819711833333336,72.1,-0.23333333333333428
1616653922.0,144.95144633333334,-37.81971166666666,71.8,-0.2666666666666673
1616653923.0,144.95145566666667,-37.81971866666667,71.5,-0.3000000000000003
1616653924.0,144.95146366666665,-37.819736166666665,71.2,-0.3222222222222213
1616653925.0,144.95140616666666,-37.8196585,71.1,-0.37777777777777843
1616653926.0,144.95135816666667,-37.819584,71.1,-0.3111111111111124
1616653927.0,144.95130233333333,-37.8195125,71.0,-0.2666666666666673
1616653928.0,144.951272,-37.8194635,70.8,-0.23333333333333428
1616653929.0,144.951256,-37.81944516666667,70.6,-0.2222222222222222
1616653930.0,144.95124816666666,-37.8194245,70.4,-0.18888888888888763
1616653931.0,144.95123266666667,-37.81940483333333,70.3,-0.16666666666666666
1616653932.0,144.95123833333332,-37.819399,70.3,-0.13333333333333364
1616653933.0,144.95123133333334,-37.81938383333333,70.5,-0.0777777777777781
1616653934.0,144.951231,-37.819376,70.7,-0.044444444444443496
1616653935.0,144.951228,-37.81936966666667,71.0,-0.01111111111111048
1616653936.0,144.95122683333332,-37.819367166666666,71.4,0.04444444444444508
1616653937.0,144.9512255,-37.81935216666667,71.9,0.12222222222222318
1616653938.0,144.95122566666666,-37.81934666666667,72.3,0.18888888888888922
1616653939.0,144.95122683333332,-37.81934,72.7,0.25555555555555526
1616653940.0,144.95122416666666,-37.81933083333333,73.0,0.3000000000000003
1616653941.0,144.95122466666666,-37.819319666666665,73.3,0.3333333333333333
1616653942.0,144.95122233333333,-37.819317833333336,73.5,0.3333333333333333
1616653943.0,144.95122383333333,-37.8193275,73.7,0.3333333333333333
1616653944.0,144.95122016666667,-37.81932966666667,73.9,0.32222222222222285
1616653945.0,144.951218,-37.819335833333334,74.1,0.2999999999999987
1616653946.0,144.9512105,-37.81933766666667,74.3,0.2666666666666657
1616653947.0,144.95119966666667,-37.819335833333334,74.2,0.21111111111111175
1616653948.0,144.95118933333333,-37.819329333333336,74.2,0.16666666666666666
1616653949.0,144.95117883333333,-37.819316,74.1,0.1222222222222216
1616653950.0,144.95116816666666,-37.819308666666664,74.0,0.0777777777777781
1616653951.0,144.95116866666666,-37.819304833333334,74.0,0.05555555555555555
1616653952.0,144.9511685,-37.819315833333334,73.8,0.01111111111111048
1616653953.0,144.95116116666668,-37.81930533333333,73.8,-0.011111111111112059
1616653954.0,144.95116,-37.819309833333335,73.8,-0.03333333333333302
1616653955.0,144.9511505,-37.81929983333333,73.7,-0.06666666666666604
1616653956.0,144.95114316666667,-37.8192925,73.7,-0.05555555555555555
1616653957.0,144.9511465,-37.8193095,73.8,-0.04444444444444508
1616653958.0,144.95114783333332,-37.819315,73.7,-0.044444444444443496
1616653959.0,144.95114266666667,-37.819309833333335,73.6,-0.04444444444444508
1616653960.0,144.9511455,-37.819304,73.6,-0.04444444444444508
1616653961.0,144.95114333333333,-37.819299666666666,73.5,-0.03333333333333302
1616653962.0,144.95113633333332,-37.819282666666666,73.5,-0.03333333333333302
1616653963.0,144.95113166666667,-37.819269166666665,73.5,-0.03333333333333302
1616653964.0,144.95112316666666,-37.819257,73.6,-0.011111111111112059
1616653965.0,144.95111666666668,-37.819247,73.6,-0.011111111111112059
1616653966.0,144.951113,-37.819241166666664,73.9,0.011111111111112059
1616653967.0,144.9511145,-37.819243,73.9,0.02222222222222254
1616653968.0,144.9511035,-37.8192295,74.1,0.05555555555555555
1616653969.0,144.95110383333332,-37.819232666666664,74.3,0.0777777777777781
1616653970.0,144.9511005,-37.81923833333333,74.4,0.10000000000000063
1616653971.0,144.95109716666667,-37.8192305,74.5,0.1111111111111111
1616653972.0,144.9510845,-37.8192225,74.5,0.1111111111111111
1616653973.0,144.95108533333334,-37.819234333333334,74.5,0.10000000000000063
1616653974.0,144.95108033333332,-37.819223,74.6,0.1111111111111111
1616653975.0,144.95108733333333,-37.819233,74.5,0.06666666666666604
1616653976.0,144.951089,-37.81923833333333,74.4,0.05555555555555555
1616653977.0,144.95108033333332,-37.819222833333335,74.3,0.02222222222222254
1616653978.0,144.95109083333332,-37.819228333333335,74.4,0.011111111111112059
1616653979.0,144.9510855,-37.81921066666666,74.3,-0.011111111111112059
1616653980.0,144.9510825,-37.81919883333333,74.1,-0.04444444444444508
1616653981.0,144.95109383333335,-37.81920816666667,74.0,-0.05555555555555555
1616653982.0,144.9510915,-37.81920083333333,73.8,-0.0777777777777781
1616653983.0,144.95108966666666,-37.819188,73.6,-0.1111111111111111
1616653984.0,144.951081,-37.819178666666666,73.4,-0.1222222222222216
1616653985.0,144.95105733333332,-37.819163333333336,73.3,-0.12222222222222318
1616653986.0,144.9510545,-37.819172333333334,73.2,-0.1222222222222216
1616653987.0,144.951041,-37.819168833333336,73.1,-0.1444444444444457
1616653988.0,144.95104533333333,-37.8191875,73.3,-0.1111111111111111
1616653989.0,144.9510325,-37.819184166666666,73.4,-0.07777777777777652
1616653990.0,144.95102466666665,-37.8191895,73.3,-0.0777777777777781
1616653991.0,144.95101566666668,-37.81918983333333,73.2,-0.06666666666666604
1616653992.0,144.95101216666666,-37.81919766666667,73.3,-0.03333333333333302
1616653993.0,144.9510135,-37.81921033333333,73.4,0.0
1616653994.0,144.95101516666668,-37.8192185,73.3,0.0
1616653995.0,144.95101033333333,-37.819218166666666,73.4,0.02222222222222254
1616653996.0,144.9510035,-37.8192195,73.5,0.04444444444444508
1616653997.0,144.95100316666668,-37.819230833333336,73.4,0.011111111111112059
1616653998.0,144.95100616666667,-37.819244833333336,73.3,-0.011111111111112059
1616653999.0,144.951,-37.819253,73.2,-0.01111111111111048
1616654000.0,144.9509995,-37.819268666666666,73.3,0.01111111111111048
1616654001.0,144.95100016666666,-37.81928283333333,73.4,0.011111111111112059
1616654002.0,144.95099616666667,-37.819287833333334,73.4,0.0
1616654003.0,144.95098766666666,-37.81929616666667,73.6,0.03333333333333302
1616654004.0,144.95098166666668,-37.8193005,73.5,0.01111111111111048
1616654005.0,144.95095833333335,-37.81927483333333,73.6,0.01111111111111048
1616654006.0,144.95093166666666,-37.819254,73.4,0.0
1616654007.0,144.95091916666667,-37.81924866666667,73.4,0.011111111111112059
1616654008.0,144.95090633333334,-37.819243,73.1,-0.011111111111112059
1616654009.0,144.9508925,-37.81923583333333,73.0,-0.03333333333333302
1616654010.0,144.950881,-37.819232666666664,72.8,-0.06666666666666761
1616654011.0,144.95087333333333,-37.8192345,72.7,-0.0777777777777781
1616654012.0,144.95085666666665,-37.81922433333333,72.5,-0.1222222222222216
1616654013.0,144.9508455,-37.819220666666666,72.1,-0.1555555555555562
1616654014.0,144.950835,-37.81921783333333,71.6,-0.2222222222222222
1616654015.0,144.95082216666665,-37.81920816666667,71.4,-0.2222222222222222
1616654016.0,144.95081016666666,-37.8191995,71.2,-0.24444444444444477
1616654017.0,144.9508075,-37.81919883333333,70.8,-0.25555555555555526
1616654018.0,144.9507975,-37.819190166666665,70.3,-0.3000000000000003
1616654019.0,144.95079233333334,-37.81918183333333,69.5,-0.36666666666666636
1616654020.0,144.95080116666668,-37.819193,68.6,-0.4555555555555565
1616654021.0,144.9508095,-37.81919766666667,67.8,-0.5222222222222226
1616654022.0,144.950806,-37.81919033333333,67.2,-0.5444444444444435
1616654023.0,144.95079566666666,-37.819179166666665,66.7,-0.5444444444444435
1616654024.0,144.95079383333334,-37.819182,66.1,-0.5888888888888901
1616654025.0,144.95079333333334,-37.81918066666667,66.0,-0.5777777777777781
1616654026.0,144.9507865,-37.819174833333335,65.9,-0.5444444444444435
1616654027.0,144.95078116666667,-37.81917133333334,65.9,-0.48888888888888793
1616654028.0,144.9507895,-37.819185,66.0,-0.3888888888888889
1616654029.0,144.95078433333333,-37.81917983333334,66.1,-0.2777777777777778
1616654030.0,144.95078783333332,-37.81918683333333,66.3,-0.16666666666666666
1616654031.0,144.95078683333332,-37.81918816666666,66.5,-0.0777777777777781
1616654032.0,144.95078083333334,-37.81918233333333,66.8,0.01111111111111048
1616654033.0,144.9507745,-37.81917683333333,67.6,0.16666666666666666
1616654034.0,144.95076583333332,-37.81917,67.9,0.21111111111111175
1616654035.0,144.95075833333334,-37.81916233333333,68.1,0.2444444444444432
1616654036.0,144.95075466666665,-37.81915816666667,68.2,0.25555555555555526
1616654037.0,144.9507485,-37.819149833333334,68.4,0.2666666666666673
1616654038.0,144.950747,-37.819146833333335,68.6,0.2777777777777778
1616654039.0,144.95074333333332,-37.81914166666667,69.0,0.3000000000000003
1616654040.0,144.95074183333332,-37.81913516666667,69.2,0.3000000000000003
1616654041.0,144.9507445,-37.81913216666667,69.4,0.28888888888888986
1616654042.0,144.95074766666667,-37.819131666666664,69.7,0.23333333333333428
1616654043.0,144.95074633333334,-37.81912533333333,70.1,0.2444444444444432
1616654044.0,144.95074483333335,-37.819118833333334,70.7,0.28888888888888986
1616654045.0,144.950748,-37.81912116666667,71.5,0.36666666666666636
1616654046.0,144.95074816666667,-37.819121333333335,72.2,0.4222222222222219
1616654047.0,144.950747,-37.81911983333333,72.9,0.477777777777779
1616654048.0,144.9507475,-37.819120833333336,73.6,0.5111111111111105
1616654049.0,144.9507515,-37.819131166666665,74.2,0.5555555555555556
1616654050.0,144.9507555,-37.81913566666667,75.2,0.6444444444444442
1616654051.0,144.9507615,-37.819139666666665,75.4,0.6333333333333336
1616654052.0,144.95078316666667,-37.819175,75.9,0.6444444444444457
1616654053.0,144.9507995,-37.81919883333333,77.5,0.7555555555555552
1616654054.0,144.95081616666667,-37.8192225,78.7,0.8000000000000003
1616654055.0,144.95083083333333,-37.8192445,79.5,0.8111111111111108
1616654056.0,144.9508445,-37.81926633333333,81.1,0.9111111111111099
1616654057.0,144.95086016666667,-37.819290333333335,82.2,0.9555555555555565
1616654058.0,144.95086133333334,-37.81928633333333,83.2,1.0
1616654059.0,144.95086433333333,-37.81928166666667,84.0,0.9777777777777774
1616654060.0,144.95086716666665,-37.819281833333335,85.3,1.099999999999999
1616654061.0,144.95087166666667,-37.819286166666664,86.1,1.133333333333332
1616654062.0,144.95086583333332,-37.819280666666664,86.9,1.0444444444444452
1616654063.0,144.95086266666667,-37.819287833333334,87.1,0.9333333333333323
1616654064.0,144.95085783333334,-37.819289833333336,87.7,0.9111111111111114
1616654065.0,144.9508545,-37.8192895,88.1,0.7777777777777778
1616654066.0,144.95084966666667,-37.819289,88.6,0.7111111111111101
1616654067.0,144.95084616666668,-37.81929483333333,89.2,0.6666666666666666
1616654068.0,144.95084333333332,-37.819291166666666,89.6,0.6222222222222216
1616654069.0,144.95084233333333,-37.81929183333333,89.8,0.5
1616654070.0,144.95083733333334,-37.819287333333335,90.0,0.43333333333333396
1616654071.0,144.95083,-37.8192775,90.3,0.3777777777777768
1616654072.0,144.9508225,-37.819266166666665,90.6,0.3888888888888889
1616654073.0,0.0,0.0,0.0,-9.744444444444445
1616654074.0,0.0,0.0,0.0,-9.788888888888888
1616654075.0,0.0,0.0,0.0,-9.844444444444443
1616654076.0,0.0,0.0,0.0,-9.911111111111111
1616654077.0,144.950807,-37.819233833333335,81.8,-0.8666666666666664
1616654078.0,0.0,0.0,0.0,-9.977777777777778
1616654079.0,0.0,0.0,0.0,-10.0
1616654080.0,0.0,0.0,0.0,-10.033333333333333
1616654081.0,0.0,0.0,0.0,-10.066666666666666
1616654082.0,144.950824,-37.81920733333333,81.5,9.055555555555555
1616654083.0,144.950812,-37.8192205,81.3,9.033333333333333
1616654084.0,144.95082083333332,-37.81924733333334,83.2,9.244444444444445
1616654085.0,0.0,0.0,0.0,0.0
1616654086.0,0.0,0.0,0.0,-9.088888888888889
1616654087.0,0.0,0.0,0.0,0.0
1616654088.0,0.0,0.0,0.0,0.0
1616654089.0,0.0,0.0,0.0,0.0
1616654090.0,0.0,0.0,0.0,0.0
1616654091.0,0.0,0.0,0.0,-9.055555555555555
1616654092.0,0.0,0.0,0.0,-9.033333333333333
1616654093.0,0.0,0.0,0.0,-9.244444444444445
1616654094.0,0.0,0.0,0.0,0.0
1616654095.0,0.0,0.0,0.0,0.0
1616654096.0,0.0,0.0,0.0,0.0
1616654097.0,0.0,0.0,0.0,0.0
1616654098.0,0.0,0.0,0.0,0.0
1616654099.0,0.0,0.0,0.0,0.0
1616654100.0,0.0,0.0,0.0,0.0
1616654101.0,0.0,0.0,0.0,0.0
1616654102.0,0.0,0.0,0.0,0.0
1616654103.0,0.0,0.0,0.0,0.0
1616654104.0,0.0,0.0,0.0,0.0
1616654105.0,0.0,0.0,0.0,0.0
1616654106.0,0.0,0.0,0.0,0.0
1616654107.0,0.0,0.0,0.0,0.0
1616654108.0,0.0,0.0,0.0,0.0
1616654109.0,0.0,0.0,0.0,0.0
1616654110.0,0.0,0.0,0.0,0.0
1616654111.0,0.0,0.0,0.0,0.0
1616654112.0,0.0,0.0,0.0,0.0
1616654113.0,0.0,0.0,0.0,0.0
1616654114.0,0.0,0.0,0.0,0.0
1616654115.0,0.0,0.0,0.0,0.0
1616654116.0,0.0,0.0,0.0,0.0
1616654117.0,0.0,0.0,0.0,0.0
1616654118.0,0.0,0.0,0.0,0.0
1616654119.0,0.0,0.0,0.0,0.0
1616654120.0,0.0,0.0,0.0,0.0
1616654121.0,0.0,0.0,0.0,0.0
1616654122.0,0.0,0.0,0.0,0.0
1616654123.0,0.0,0.0,0.0,0.0
1616654124.0,0.0,0.0,0.0,0.0
1616654125.0,0.0,0.0,0.0,0.0
1616654126.0,0.0,0.0,0.0,0.0
1616654127.0,0.0,0.0,0.0,0.0
1616654128.0,0.0,0.0,0.0,0.0
1616654129.0,0.0,0.0,0.0,0.0
1616654130.0,0.0,0.0,0.0,0.0
1616654131.0,0.0,0.0,0.0,0.0
1616654132.0,0.0,0.0,0.0,0.0
1616654133.0,0.0,0.0,0.0,0.0
1616654134.0,0.0,0.0,0.0,0.0
1616654135.0,0.0,0.0,0.0,0.0
1616654136.0,144.94989766666666,-37.8177595,81.6,9.066666666666666
1616654137.0,144.94992,-37.817804333333335,81.6,9.066666666666666
1616654138.0,144.94993666666667,-37.81783033333333,81.7,9.077777777777778
1616654139.0,0.0,0.0,0.0,0.0
1616654140.0,0.0,0.0,0.0,0.0
1616654141.0,0.0,0.0,0.0,0.0
1616654142.0,0.0,0.0,0.0,0.0
1616654143.0,0.0,0.0,0.0,0.0
1616654144.0,0.0,0.0,0.0,0.0
1616654145.0,0.0,0.0,0.0,-9.066666666666666
1616654146.0,0.0,0.0,0.0,-9.066666666666666
1616654147.0,0.0,0.0,0.0,-9.077777777777778
1616654148.0,0.0,0.0,0.0,0.0
1616654149.0,0.0,0.0,0.0,0.0
1616654150.0,0.0,0.0,0.0,0.0
1616654151.0,0.0,0.0,0.0,0.0
1616654152.0,0.0,0.0,0.0,0.0
1616654153.0,0.0,0.0,0.0,0.0
1616654154.0,0.0,0.0,0.0,0.0
1616654155.0,0.0,0.0,0.0,0.0
1616654156.0,0.0,0.0,0.0,0.0
1616654157.0,0.0,0.0,0.0,0.0
1616654158.0,0.0,0.0,0.0,0.0
1616654159.0,0.0,0.0,0.0,0.0
1616654160.0,0.0,0.0,0.0,0.0
1616654161.0,0.0,0.0,0.0,0.0
1616654162.0,0.0,0.0,0.0,0.0
1616654163.0,0.0,0.0,0.0,0.0
1616654164.0,0.0,0.0,0.0,0.0
1616654165.0,0.0,0.0,0.0,0.0
1616654166.0,0.0,0.0,0.0,0.0
1616654167.0,0.0,0.0,0.0,0.0
1616654168.0,0.0,0.0,0.0,0.0
1616654169.0,0.0,0.0,0.0,0.0
1616654170.0,0.0,0.0,0.0,0.0
1616654171.0,0.0,0.0,0.0,0.0
1616654172.0,0.0,0.0,0.0,0.0
1616654173.0,144.9511465,-37.819697833333336,70.8,7.866666666666666
1616654174.0,144.951194,-37.81977033333333,71.5,7.944444444444445
1616654175.0,0.0,0.0,0.0,0.0
1616654176.0,0.0,0.0,0.0,0.0
1616654177.0,0.0,0.0,0.0,0.0
1616654178.0,144.9513,-37.81992966666667,74.5,8.277777777777779
1616654179.0,144.9512515,-37.819860166666665,74.8,8.31111111111111
1616654180.0,144.9511995,-37.819805,75.2,8.355555555555556
1616654181.0,144.951143,-37.819729833333334,75.9,8.433333333333334
1616654182.0,144.95110316666666,-37.8196795,76.8,0.6666666666666666
1616654183.0,144.95105833333332,-37.81961483333333,77.5,0.6666666666666666
1616654184.0,144.95102233333333,-37.8195605,78.2,8.68888888888889
1616654185.0,0.0,0.0,0.0,0.0
1616654186.0,144.95098583333333,-37.8195025,79.4,8.822222222222223
1616654187.0,144.95094483333332,-37.8194435,81.3,0.7555555555555552
1616654188.0,144.9509105,-37.819397333333335,83.3,0.9444444444444444
1616654189.0,144.95091633333334,-37.819422833333334,83.1,0.8777777777777769
1616654190.0,144.95092583333334,-37.819457,82.9,0.7777777777777778
1616654191.0,144.950927,-37.819475,83.9,0.7888888888888899
1616654192.0,144.950923,-37.819485666666665,85.2,0.8555555555555558
1616654193.0,144.950903,-37.8194695,87.9,1.0777777777777782
1616654194.0,144.95088516666667,-37.819456,90.9,10.100000000000001
1616654195.0,0.0,0.0,0.0,-8.822222222222223
1616654196.0,0.0,0.0,0.0,-9.033333333333333
1616654197.0,0.0,0.0,0.0,-9.255555555555555
1616654198.0,0.0,0.0,0.0,-9.233333333333333
1616654199.0,0.0,0.0,0.0,-9.211111111111112
1616654200.0,144.950924,-37.81952533333333,97.5,1.5111111111111104
1616654201.0,144.9508895,-37.819487,99.9,1.6333333333333337
1616654202.0,144.950867,-37.819458833333336,102.3,1.599999999999999
1616654203.0,144.95085016666667,-37.8194365,105.1,1.5777777777777766
1616654204.0,144.95083716666667,-37.81942016666667,108.4,12.044444444444444
1616654205.0,144.95082483333334,-37.819407,112.2,12.466666666666667
1616654206.0,144.95080383333334,-37.819381,115.7,12.855555555555556
1616654207.0,144.95082083333332,-37.819414333333334,98.4,10.933333333333334
1616654208.0,144.95083483333335,-37.81944583333333,86.0,9.555555555555555
1616654209.0,144.95083933333333,-37.81946416666667,79.0,-2.0555555555555554
1616654210.0,144.95083816666667,-37.8194665,74.5,-2.822222222222223
1616654211.0,144.95083916666667,-37.819473333333335,72.5,-3.311111111111111
1616654212.0,144.9508295,-37.81946633333333,71.0,-3.7888888888888883
1616654213.0,144.9508185,-37.8194585,70.2,-4.2444444444444445
1616654214.0,144.9508085,-37.81945983333333,69.7,-4.722222222222222
1616654215.0,144.95082233333332,-37.819488666666665,69.2,-5.166666666666667
1616654216.0,144.9508125,-37.819487333333335,68.4,-3.3333333333333335
1616654217.0,144.95079983333332,-37.81948583333333,67.6,-2.044444444444445
1616654218.0,144.9507895,-37.819483,66.7,-1.3666666666666663
1616654219.0,144.95078433333333,-37.819484333333335,66.3,-0.9111111111111114
1616654220.0,144.95079066666668,-37.81949683333333,66.3,-0.6888888888888892
1616654221.0,144.95080033333332,-37.819512,66.0,-0.5555555555555556
1616654222.0,144.950809,-37.81952283333333,66.1,-0.4555555555555565
1616654223.0,144.950816,-37.81953,66.3,-0.37777777777777843
1616654224.0,144.95081883333333,-37.81953033333333,66.5,-0.3000000000000003
1616654225.0,144.95082583333334,-37.8195365,67.0,-0.1555555555555562
1616654226.0,144.95083416666665,-37.81954016666667,67.3,-0.03333333333333302
1616654227.0,144.95084366666666,-37.81954666666667,67.6,0.09999999999999905
1616654228.0,144.95085466666666,-37.81955716666667,67.9,0.17777777777777873
1616654229.0,144.95086416666666,-37.81955683333333,67.7,0.1555555555555562
1616654230.0,144.95087133333334,-37.819553,67.3,0.14444444444444413
1616654231.0,144.95088033333334,-37.819554333333336,67.0,0.10000000000000063
1616654232.0,144.95088633333333,-37.8195485,66.6,0.03333333333333302
1616654233.0,144.95089616666667,-37.819550666666665,66.2,-0.03333333333333302
1616654234.0,144.95089933333333,-37.819543333333336,65.5,-0.16666666666666666
1616654235.0,144.95090016666666,-37.8195265,64.7,-0.28888888888888825
1616654236.0,144.95090066666666,-37.8195125,63.8,-0.4222222222222219
1616654237.0,144.95089983333332,-37.81949933333333,63.1,-0.5333333333333338
1616654238.0,144.950898,-37.819491166666666,62.4,-0.5888888888888894
1616654239.0,144.95089166666668,-37.81947616666667,62.1,-0.5777777777777773
1616654240.0,144.95088766666666,-37.819471,61.9,-0.5666666666666669
1616654241.0,144.95088333333334,-37.819468,62.0,-0.5111111111111105
1616654242.0,144.95087666666666,-37.819462333333334,62.2,-0.4444444444444444
1616654243.0,144.95086883333335,-37.81945616666667,62.3,-0.35555555555555585
1616654244.0,144.95086266666667,-37.819459333333334,62.7,-0.2222222222222222
1616654245.0,144.95085683333335,-37.819466,63.1,-0.07777777777777731
1616654246.0,144.95084883333334,-37.819468,63.4,0.03333333333333302
1616654247.0,144.9508365,-37.8194585,63.4,0.1111111111111111
1616654248.0,144.9508265,-37.819449166666665,63.7,0.17777777777777792
1616654249.0,144.95081666666667,-37.819442,63.6,0.18888888888888922
1616654250.0,144.9508045,-37.8194295,63.4,0.1555555555555554
1616654251.0,144.9507945,-37.81941833333333,63.4,0.13333333333333286
1616654252.0,144.95078533333333,-37.819407,63.0,0.0777777777777781
1616654253.0,144.95077516666666,-37.81939216666667,62.6,-0.01111111111111127
1616654254.0,144.95076516666666,-37.819375666666666,62.2,-0.09999999999999984
1616654255.0,144.9507555,-37.8193595,61.8,-0.17777777777777792
1616654256.0,144.950747,-37.81934866666667,61.6,-0.19999999999999968
1616654257.0,144.9507425,-37.819346333333336,61.6,-0.2333333333333335
1616654258.0,144.95074133333333,-37.819350666666665,62.0,-0.17777777777777792
1616654259.0,144.9507445,-37.819366333333335,62.8,-0.06666666666666682
1616654260.0,144.95075683333334,-37.819404166666665,64.2,0.08888888888888936
1616654261.0,144.9507715,-37.81944416666666,66.3,0.36666666666666636
1616654262.0,144.95079216666667,-37.81949,68.5,0.6555555555555554
1616654263.0,144.95080933333332,-37.819534,70.8,0.9555555555555549
1616654264.0,144.95083033333333,-37.8195775,73.3,1.2777777777777777
1616654265.0,144.950847,-37.81961833333333,76.3,1.6333333333333329
1616654266.0,144.95086783333332,-37.819674,79.2,1.9555555555555557
1616654267.0,144.95088433333333,-37.81970466666667,82.1,2.2333333333333325
1616654268.0,144.95090166666665,-37.81973583333333,84.8,2.4444444444444446
1616654269.0,144.95091666666667,-37.81977933333334,87.4,2.577777777777778
1616654270.0,144.95093583333335,-37.81982766666667,90.2,2.6555555555555563
1616654271.0,144.950952,-37.819882,92.9,2.7111111111111117
1616654272.0,144.95097033333334,-37.819932333333334,95.8,2.7777777777777777
1616654273.0,144.95099266666668,-37.81998766666667,98.5,2.8000000000000003
1616654274.0,144.95101133333333,-37.82002716666667,100.9,2.7333333333333343
1616654275.0,144.95102933333334,-37.82007333333333,103.2,2.6666666666666665
1616654276.0,144.95103866666668,-37.820101,105.3,2.577777777777778
1616654277.0,144.9510555,-37.82013233333333,107.4,2.511111111111112
1616654278.0,144.951071,-37.8201875,109.6,2.4666666666666655
1616654279.0,144.951085,-37.82022716666667,111.8,2.3999999999999995
1616654280.0,144.9510985,-37.8202685,113.9,2.3333333333333335
1616654281.0,144.95111016666667,-37.82030183333333,115.9,2.2333333333333343
1616654282.0,144.95111733333334,-37.8203365,117.7,2.1333333333333337
1616654283.0,144.951121,-37.82035366666667,119.1,2.022222222222221
1616654284.0,144.95112266666666,-37.820356333333336,119.7,1.8333333333333333
1616654285.0,144.95111733333334,-37.820359333333336,120.5,1.688888888888889
1616654286.0,144.9511165,-37.82037783333333,121.0,1.5111111111111104
1616654287.0,144.951122,-37.82040166666667,121.7,1.3444444444444454
1616654288.0,144.95112133333333,-37.82041383333333,122.6,1.1999999999999997
1616654289.0,144.95112516666666,-37.820443166666664,123.5,1.066666666666666
1616654290.0,144.95112266666666,-37.820449833333335,124.5,0.9555555555555549
1616654291.0,144.95112633333332,-37.820456,125.2,0.8333333333333334
1616654292.0,144.95112366666666,-37.8204605,126.0,0.7666666666666673
1616654293.0,144.951125,-37.820473,126.9,0.8000000000000003
1616654294.0,144.9511275,-37.82048233333333,127.8,0.8111111111111108
1616654295.0,144.95113033333334,-37.820511833333335,128.5,0.8333333333333334
1616654296.0,144.95113616666666,-37.820535666666665,129.1,0.8222222222222213
1616654297.0,144.95113366666666,-37.820532666666665,129.6,0.7777777777777778
1616654298.0,144.95113533333333,-37.820549166666666,130.2,0.7444444444444431
1616654299.0,144.95113883333335,-37.82056266666667,130.9,0.7111111111111117
1616654300.0,144.95113683333332,-37.82057733333333,131.6,0.7111111111111101
1616654301.0,144.951142,-37.820611666666665,132.4,0.7111111111111117
1616654302.0,144.9510645,-37.82039816666666,130.2,0.36666666666666475
1616654303.0,144.9510235,-37.82029383333333,129.0,0.13333333333333364
1616654304.0,144.95097766666666,-37.82017533333333,128.3,-0.02222222222222096
1616654305.0,144.95094116666667,-37.8200815,127.8,-0.14444444444444413
1616654306.0,144.95091116666666,-37.81999883333334,127.4,-0.2444444444444432
1616654307.0,144.9508825,-37.819923333333335,127.1,-0.34444444444444383
1616654308.0,144.9508595,-37.81985916666667,127.0,-0.43333333333333396
1616654309.0,144.95084283333333,-37.819809,126.8,-0.533333333333333
1616654310.0,144.95083033333333,-37.819769666666666,127.3,-0.5666666666666677
1616654311.0,144.9508175,-37.819721333333334,127.8,-0.2666666666666657
1616654312.0,144.9508065,-37.81967733333333,128.5,-0.05555555555555555
1616654313.0,144.95079783333333,-37.819643666666664,129.4,0.1222222222222216
1616654314.0,144.9507915,-37.819622,130.5,0.3000000000000003
1616654315.0,144.9507755,-37.819577333333335,131.9,0.5
1616654316.0,144.95075766666668,-37.81954783333333,132.3,0.5777777777777797
1616654317.0,144.95074433333335,-37.81952883333334,132.4,0.6000000000000006
1616654318.0,144.95073333333335,-37.8195165,132.7,0.6555555555555546
1616654319.0,144.95072583333334,-37.819488666666665,133.3,0.6666666666666683
1616654320.0,144.95072416666667,-37.81946883333333,134.4,0.7333333333333343
1616654321.0,144.95072816666666,-37.819464333333336,135.7,0.7999999999999987
1616654322.0,144.95073233333332,-37.81946166666667,137.1,0.8555555555555543
1616654323.0,144.95073416666668,-37.81945666666667,138.4,0.8777777777777784
1616654324.0,144.9507395,-37.819459333333334,139.5,0.8444444444444438
1616654325.0,144.9507415,-37.819457,140.5,0.9111111111111099
1616654326.0,144.95075616666668,-37.8194885,141.6,1.022222222222221
1616654327.0,144.95075383333332,-37.81948166666667,142.7,1.1111111111111112
1616654328.0,144.95075533333332,-37.8194835,143.6,1.1444444444444426
1616654329.0,144.95075416666666,-37.8194815,144.4,1.1111111111111112
1616654330.0,144.95075033333333,-37.81947483333333,145.8,1.1222222222222247
1616654331.0,144.95074733333334,-37.8194725,146.8,1.0777777777777797
1616654332.0,144.95074533333334,-37.819472,147.8,1.0444444444444452
1616654333.0,144.9507425,-37.81947133333333,148.4,0.9888888888888895
1616654334.0,144.9507425,-37.8194735,149.8,1.0333333333333345
1616654335.0,144.95074733333334,-37.81947983333333,151.3,1.0777777777777797
1616654336.0,144.95075183333333,-37.81949383333333,151.8,1.0111111111111137
1616654337.0,144.95075016666667,-37.81949616666667,153.3,1.0777777777777797
1616654338.0,144.95074883333334,-37.8194965,154.8,1.1555555555555561
1616654339.0,144.9507485,-37.819492,156.2,1.155555555555553
1616654340.0,144.95075116666666,-37.8195015,157.6,1.1999999999999982
1616654341.0,144.95074833333334,-37.819497166666665,159.0,1.2444444444444431
1616654342.0,144.95074683333334,-37.819505,160.4,1.3333333333333333
1616654343.0,144.95074483333335,-37.819501333333335,161.7,1.3222222222222197
1616654344.0,144.95073933333333,-37.81949566666667,163.7,1.3777777777777753
1616654345.0,144.95073833333333,-37.81951466666666,165.4,1.5111111111111104
1616654346.0,144.95072833333333,-37.819506,167.5,1.5777777777777766
1616654347.0,144.9507165,-37.81948333333333,169.1,1.588888888888887
1616654348.0,144.9507135,-37.819485666666665,170.4,1.5777777777777797
1616654349.0,144.950702,-37.81947566666667,172.2,1.6222222222222216
1616654350.0,144.95068716666665,-37.819441166666664,174.3,1.7000000000000013
1616654351.0,144.95067866666668,-37.819434,175.6,1.6888888888888876
1616654352.0,144.95066266666666,-37.81942433333333,177.3,1.7333333333333358
1616654353.0,144.9506565,-37.81941616666667,179.2,1.7222222222222223
1616654354.0,144.950644,-37.81939633333333,181.0,1.7333333333333327
1616654355.0,144.95064433333334,-37.8194135,182.7,1.6888888888888876
1616654356.0,144.95064833333333,-37.819428,184.4,1.7000000000000013
1616654357.0,144.95067683333335,-37.8194465,151.3,-2.122222222222222
1616654358.0,144.95067383333333,-37.81945983333333,151.6,-2.2888888888888883
1616654359.0,144.950671,-37.8194565,151.8,-2.5
1616654360.0,0.0,0.0,0.0,-19.51111111111111
1616654361.0,144.9506895,-37.81950483333333,152.5,-2.755555555555557
1616654362.0,144.95069933333335,-37.81953633333333,153.0,-2.9111111111111097
1616654363.0,144.95070316666667,-37.81955083333333,152.8,-3.133333333333332
1616654364.0,144.95070783333333,-37.8195695,153.1,-3.2888888888888883
1616654365.0,144.9507065,-37.819569333333334,153.4,-3.4444444444444446
1616654366.0,144.95070566666666,-37.81957033333333,153.4,0.2333333333333327
1616654367.0,144.95070583333333,-37.81957283333333,153.7,0.2333333333333327
1616654368.0,144.95071333333334,-37.8196005,154.0,0.2444444444444432
1616654369.0,144.950714,-37.8196045,154.4,17.155555555555555
1616654370.0,144.95071983333332,-37.819623166666666,154.6,0.2333333333333327
1616654371.0,144.950727,-37.81964966666666,154.8,0.20000000000000126
1616654372.0,144.950728,-37.81964766666667,155.5,0.2999999999999987
1616654373.0,144.9507295,-37.81966366666666,155.6,0.2777777777777778
1616654374.0,144.95072666666667,-37.81966966666667,155.6,0.2444444444444432
1616654375.0,144.95072066666665,-37.81966,155.8,0.2666666666666673
1616654376.0,144.9507165,-37.8196485,155.8,0.23333333333333586
1616654377.0,144.95070483333333,-37.8196225,156.0,0.2222222222222222
1616654378.0,144.9507,-37.81962,155.9,0.16666666666666666
1616654379.0,144.95069266666667,-37.81961783333333,156.0,0.1555555555555562
1616654380.0,144.9506855,-37.81959966666667,156.1,0.14444444444444254
1616654381.0,144.95068116666667,-37.819596833333335,155.7,0.02222222222222096
1616654382.0,144.95067233333333,-37.819584166666665,155.8,0.022222222222224117
1616654383.0,144.9506645,-37.819568333333336,155.9,0.033333333333334596
1616654384.0,144.95074966666667,-37.81979916666667,155.8,0.0
1616654385.0,144.95078816666665,-37.819910166666666,155.9,0.01111111111111048
1616654386.0,144.95082166666666,-37.820007333333336,156.0,0.0
1616654387.0,144.95083666666667,-37.82006233333333,156.4,0.05555555555555555
1616654388.0,144.95085716666668,-37.8201305,156.5,0.05555555555555555
1616654389.0,144.95086733333332,-37.82017116666667,156.6,0.05555555555555555
1616654390.0,144.95087333333333,-37.820187833333335,156.7,0.1111111111111111
1616654391.0,144.95087983333335,-37.820209166666665,156.7,0.09999999999999748
1616654392.0,144.95088466666667,-37.820225666666666,156.6,0.07777777777777652
1616654393.0,144.95089116666668,-37.820243166666664,156.7,0.09999999999999748
1616654394.0,144.95089466666667,-37.820254166666665,156.6,0.07777777777777652
1616654395.0,144.9509005,-37.82026966666667,156.5,0.05555555555555555
1616654396.0,144.950914,-37.820299166666665,156.6,0.02222222222222096
1616654397.0,144.950923,-37.820324,156.5,0.0
1616654398.0,144.95092866666667,-37.82034516666667,156.5,-0.01111111111111048
1616654399.0,144.95093883333334,-37.82038033333333,156.0,-0.07777777777777652
1616654400.0,144.9509405,-37.820394666666665,155.9,-0.08888888888888699
1616654401.0,144.95094216666666,-37.820412166666664,155.9,-0.07777777777777652
1616654402.0,144.95093583333335,-37.820416,155.6,-0.1222222222222216
1616654403.0,144.950934,-37.82041133333333,155.6,-0.1111111111111111
1616654404.0,144.95093433333332,-37.820414,155.7,-0.08888888888889016
1616654405.0,144.950935,-37.82041683333333,155.9,-0.07777777777777652
1616654406.0,144.950943,-37.82044,156.1,-0.04444444444444508
1616654407.0,144.9509555,-37.820489333333335,156.3,-0.02222222222222096
1616654408.0,144.9509735,-37.82054766666667,156.4,0.04444444444444508
1616654409.0,144.95099233333335,-37.8206,156.1,0.02222222222222096
1616654410.0,144.951004,-37.820626833333336,156.3,0.04444444444444508
1616654411.0,144.95101716666667,-37.82065816666667,156.5,0.10000000000000063
1616654412.0,144.95103066666667,-37.82068783333333,156.3,0.07777777777777967
1616654413.0,144.95104233333333,-37.82071716666667,156.5,0.08888888888889016
1616654414.0,144.9510515,-37.820755166666665,156.7,0.08888888888888699
1616654415.0,144.95105933333335,-37.820780666666664,157.0,0.10000000000000063
1616654416.0,144.95106166666667,-37.8207895,157.2,0.09999999999999748
1616654417.0,144.95107116666668,-37.82082333333334,157.4,0.1111111111111111
1616654418.0,144.95106616666666,-37.82079983333333,157.5,0.1555555555555562
1616654419.0,144.9510595,-37.82076933333333,157.9,0.17777777777777715
1616654420.0,144.95105466666666,-37.82074683333333,158.3,0.20000000000000126
1616654421.0,144.95105333333333,-37.82073,158.5,0.2444444444444432
1616654422.0,144.951046,-37.8207035,159.1,0.28888888888888825
1616654423.0,144.95104,-37.820682166666664,159.8,0.344444444444447
1616654424.0,144.951029,-37.8206455,160.6,0.39999999999999936
1616654425.0,144.95101933333333,-37.82061,161.5,0.477777777777779
1616654426.0,144.95101333333332,-37.820586,162.4,0.5555555555555556
1616654427.0,144.95101016666666,-37.82056883333333,163.0,0.6111111111111112
1616654428.0,144.95099783333333,-37.820519,163.9,0.6666666666666666
1616654429.0,144.95098966666666,-37.8204755,164.9,0.7333333333333327
1616654430.0,144.95098416666667,-37.820438,166.6,0.8999999999999994
1616654431.0,144.9509795,-37.82040333333333,167.5,0.933333333333334
1616654432.0,144.950975,-37.820372666666664,168.2,0.9333333333333308
1616654433.0,144.950976,-37.82035583333333,168.9,0.9222222222222235
1616654434.0,144.950973,-37.82032866666667,169.7,0.9111111111111099
1616654435.0,144.950973,-37.8203115,170.5,0.8999999999999994
1616654436.0,144.95097216666667,-37.820291833333336,171.6,0.9555555555555549
1616654437.0,144.95097066666668,-37.820274,172.4,0.9444444444444444
1616654438.0,144.9509685,-37.820258333333335,173.2,0.9222222222222203
1616654439.0,144.950966,-37.8202425,173.9,0.8111111111111123
1616654440.0,144.950966,-37.8202355,174.6,0.7888888888888883
1616654441.0,144.95097,-37.82023866666667,175.4,0.8000000000000019
1616654442.0,144.95097266666667,-37.8202415,176.3,0.8222222222222229
1616654443.0,144.95097733333333,-37.82024583333333,177.2,0.8333333333333334
1616654444.0,144.95098133333335,-37.820248,178.2,0.8555555555555543
1616654445.0,144.95098116666668,-37.82023983333333,179.2,0.8444444444444438
1616654446.0,144.95098283333334,-37.82023733333333,180.1,0.8555555555555543
1616654447.0,144.9509885,-37.820241333333335,181.3,0.9000000000000026
1616654448.0,144.95099533333334,-37.820249,182.2,0.9222222222222203
1616654449.0,144.95099,-37.82023183333333,182.6,0.8888888888888888
1616654450.0,144.950983,-37.82021433333333,182.9,0.8333333333333334
1616654451.0,144.95097616666666,-37.82019833333333,183.2,0.7666666666666642
1616654452.0,144.95097116666668,-37.82018466666667,183.8,0.7333333333333358
1616654453.0,144.95096916666665,-37.82017233333333,184.4,0.6888888888888908
1616654454.0,144.95097066666668,-37.82016983333333,185.2,0.6666666666666666
1616654455.0,144.95097316666667,-37.8201715,186.0,0.6555555555555562
1616654456.0,144.95097916666666,-37.820181,186.8,0.6111111111111112
1616654457.0,144.95098283333334,-37.8201845,187.6,0.6000000000000006
1616654458.0,144.95098433333334,-37.820189,187.8,0.5777777777777797
1616654459.0,144.9509755,-37.820176333333336,188.1,0.5777777777777765
1616654460.0,144.9509675,-37.82016983333333,188.4,0.5777777777777797
1616654461.0,144.950965,-37.82017033333333,189.0,0.5777777777777765
1616654462.0,144.9509555,-37.820158666666664,189.0,0.5111111111111105
1616654463.0,144.95094666666665,-37.820148833333334,189.1,0.43333333333333396
1616654464.0,144.95093666666668,-37.82013833333333,189.4,0.37777777777777843
1616654465.0,144.95092516666668,-37.82011833333333,182.5,-0.477777777777779
1616654466.0,144.95091566666667,-37.820099,182.5,-0.566666666666666
1616654467.0,144.95090683333333,-37.8200805,182.7,-0.5666666666666692
1616654468.0,144.95089766666666,-37.820065666666665,183.0,-0.566666666666666
1616654469.0,144.95089333333334,-37.82005933333333,183.5,-0.5444444444444451
1616654470.0,144.95090283333334,-37.820071,184.1,-0.5444444444444451
1616654471.0,144.95091033333333,-37.820079,184.5,-0.5
1616654472.0,144.95091966666666,-37.820087666666666,185.4,-0.4111111111111099
1616654473.0,144.95093333333332,-37.82010266666666,186.4,-0.3333333333333333
1616654474.0,144.9509515,-37.82012733333333,186.9,0.48888888888888954
1616654475.0,144.95097733333333,-37.820155,188.5,0.6666666666666666
1616654476.0,144.95099833333333,-37.820173,190.0,0.8111111111111123
1616654477.0,144.95101733333334,-37.8201915,191.2,0.9111111111111099
1616654478.0,144.95102966666667,-37.820202333333334,192.3,0.9777777777777791
1616654479.0,144.95103883333334,-37.82021016666667,193.4,1.0333333333333345
1616654480.0,144.95104416666666,-37.82021533333333,193.8,1.0333333333333345
1616654481.0,144.9510445,-37.820212166666664,194.7,1.0333333333333314
1616654482.0,144.95104866666668,-37.82021483333333,195.6,1.022222222222221
1616654483.0,144.95105216666667,-37.820216333333335,196.6,1.0777777777777766
1616654484.0,144.95105,-37.8202095,197.3,0.9777777777777791
1616654485.0,144.95104866666668,-37.820205,198.0,0.8888888888888888
1616654486.0,144.95104516666666,-37.82019233333333,199.2,0.8888888888888888
1616654487.0,144.95104266666667,-37.820181833333336,200.0,0.8555555555555543
1616654488.0,144.95104083333334,-37.820172166666666,200.9,0.8333333333333334
1616654489.0,144.95104,-37.82016683333333,201.7,0.8777777777777752
1616654490.0,144.951044,-37.82016133333333,202.7,0.8888888888888888
1616654491.0,144.95104516666666,-37.8201525,203.8,0.911111111111113
1616654492.0,144.9510415,-37.8201415,204.8,0.911111111111113
1616654493.0,144.9510405,-37.82013516666667,205.7,0.9333333333333308
1616654494.0,144.95104,-37.82013083333333,206.8,0.9777777777777791
1616654495.0,144.95103616666665,-37.820117833333335,207.9,0.9666666666666686
1616654496.0,144.95103966666667,-37.82010616666667,208.8,0.9777777777777791
1616654497.0,144.95104266666667,-37.8200995,209.8,0.9888888888888895
1616654498.0,144.95105116666667,-37.820099166666665,210.8,1.0111111111111137
1616654499.0,144.95105466666666,-37.82009633333333,211.8,1.0111111111111137
1616654500.0,144.95106033333334,-37.820092,212.9,1.0111111111111104
1616654501.0,144.95106616666666,-37.82009,213.8,1.0
1616654502.0,144.95107716666666,-37.820098333333334,214.7,1.0
1616654503.0,144.95109616666667,-37.820122,215.6,0.9777777777777759
1616654504.0,144.95110716666667,-37.8201285,216.7,0.9777777777777759
1616654505.0,144.9511165,-37.820133,217.6,0.9777777777777759
1616654506.0,144.95112266666666,-37.820129666666666,218.4,0.9555555555555549
1616654507.0,144.95113266666667,-37.820135666666665,219.4,0.9555555555555549
1616654508.0,144.95113933333334,-37.82013833333333,220.1,0.9222222222222203
1616654509.0,144.9511465,-37.820142833333335,220.8,0.8777777777777784
1616654510.0,144.951159,-37.820158166666666,221.2,0.8222222222222197
1616654511.0,144.95116966666666,-37.82016983333333,221.6,0.7666666666666673
1616654512.0,144.9511775,-37.82017533333333,222.1,0.7222222222222222
1616654513.0,144.95117983333333,-37.82016766666667,222.7,0.6666666666666666
1616654514.0,144.95117916666666,-37.82015633333334,223.3,0.6333333333333352
1616654515.0,144.95118083333332,-37.82015166666667,223.8,0.6000000000000006
1616654516.0,144.95117483333334,-37.820132,224.1,0.5222222222222209
1616654517.0,144.951177,-37.820131,224.4,0.477777777777779
1616654518.0,144.95118083333332,-37.820134,224.6,0.42222222222222033
1616654519.0,144.95118183333332,-37.820132,224.5,0.3666666666666679
1616654520.0,144.95117866666666,-37.82012133333333,224.4,0.3111111111111124
1616654521.0,144.95117383333334,-37.820111833333335,224.0,0.21111111111111175
1616654522.0,144.95116783333333,-37.82009816666667,223.8,0.12222222222222474
1616654523.0,144.95116333333334,-37.820090666666665,223.4,0.01111111111111048
1616654524.0,144.951154,-37.820072333333336,223.0,-0.08888888888889016
1616654525.0,144.95115316666667,-37.820072333333336,222.7,-0.1555555555555562
1616654526.0,144.9511495,-37.8200615,222.3,-0.2333333333333327
1616654527.0,144.951146,-37.82004833333333,222.2,-0.2666666666666673
1616654528.0,144.95114766666666,-37.8200505,222.0,-0.2777777777777778
1616654529.0,144.95114683333333,-37.820051166666666,221.3,-0.34444444444444383
1616654530.0,144.95114066666667,-37.82003733333333,221.4,-0.28888888888888825
1616654531.0,144.95113666666666,-37.8200295,221.0,-0.3111111111111124
1616654532.0,144.95112916666668,-37.82001133333333,221.0,-0.2666666666666673
1616654533.0,144.95112033333334,-37.819989,221.0,-0.2222222222222222
1616654534.0,144.951118,-37.819982833333334,221.3,-0.15555555555555303
1616654535.0,144.95110866666667,-37.81996483333333,221.2,-0.12222222222222474
1616654536.0,144.951099,-37.819947666666664,221.2,-0.1111111111111111
1616654537.0,144.95108933333333,-37.8199325,221.1,-0.10000000000000063
1616654538.0,144.95107966666666,-37.819918,220.8,-0.05555555555555555
1616654539.0,144.95107766666666,-37.819919,221.1,-0.033333333333334596
1616654540.0,144.9510775,-37.8199255,221.6,0.06666666666666604
1616654541.0,144.95108216666668,-37.819941666666665,221.7,0.07777777777777652
1616654542.0,144.95108483333334,-37.819951833333334,222.2,0.13333333333333208
1616654543.0,144.95109033333333,-37.81996933333333,222.7,0.15555555555555303
1616654544.0,144.95109483333334,-37.819987,222.9,0.18888888888889077
1616654545.0,144.95109133333332,-37.8199925,223.3,0.23333333333333586
1616654546.0,144.95109466666668,-37.82000433333333,223.7,0.28888888888888825
1616654547.0,144.95109783333334,-37.820016333333335,223.9,0.34444444444444383
1616654548.0,144.95109433333334,-37.82001533333333,224.5,0.37777777777777843
1616654549.0,144.95108983333333,-37.820014,225.0,0.37777777777777843
1616654550.0,144.95109016666666,-37.8200165,225.7,0.4444444444444444
1616654551.0,144.95109116666666,-37.82002116666666,226.2,0.4444444444444444
1616654552.0,144.95108866666666,-37.8200225,226.6,0.43333333333333396
1616654553.0,144.95109033333333,-37.820030333333335,227.0,0.45555555555555494
1616654554.0,144.95109,-37.82003266666667,227.5,0.4666666666666654
1616654555.0,144.951088,-37.82003233333333,228.1,0.48888888888888954
1616654556.0,144.95108983333333,-37.820038,228.7,0.5333333333333314
1616654557.0,144.95109333333335,-37.82005,229.2,0.5222222222222209
1616654558.0,144.951092,-37.82005366666667,229.5,0.5
1616654559.0,144.95109766666667,-37.82006833333333,229.7,0.4444444444444444
1616654560.0,144.9511025,-37.82008733333333,229.5,0.3666666666666679
1616654561.0,144.9511005,-37.82009266666667,229.0,0.2666666666666673
1616654562.0,144.951098,-37.820087666666666,229.1,0.2333333333333327
1616654563.0,144.9510945,-37.820083833333335,229.5,0.2222222222222222
1616654564.0,144.951092,-37.82007616666667,229.7,0.17777777777777715
1616654565.0,144.95108816666666,-37.82006633333334,229.7,0.1111111111111111
1616654566.0,144.95108633333334,-37.820055333333336,230.1,0.10000000000000063
1616654567.0,144.95108966666666,-37.82005733333333,230.7,0.13333333333333208
1616654568.0,144.95109133333332,-37.820055333333336,231.4,0.18888888888889077
1616654569.0,144.95108783333333,-37.820043,232.3,0.3111111111111124
1616654570.0,144.95108916666666,-37.820041333333336,233.4,0.48888888888888954
1616654571.0,144.95109366666668,-37.820035833333336,234.7,0.6222222222222216
1616654572.0,144.951087,-37.8200175,236.2,0.7444444444444431
1616654573.0,144.95108666666667,-37.8200105,237.3,0.844444444444447
1616654574.0,144.951085,-37.82000466666667,238.4,0.9666666666666686
1616654575.0,144.95109233333332,-37.8200155,239.3,1.0222222222222241
1616654576.0,144.95108983333333,-37.8200105,240.4,1.0777777777777797
1616654577.0,144.9510885,-37.820006666666664,241.4,1.1111111111111112
1616654578.0,144.95107833333333,-37.8199905,242.6,1.1444444444444426
1616654579.0,144.9510705,-37.819979333333336,243.6,1.133333333333332
1616654580.0,144.9510645,-37.81996866666667,244.7,1.1111111111111112
1616654581.0,144.951118,-37.820072,245.9,1.0777777777777797
1616654582.0,144.951129,-37.82008966666667,247.4,1.1222222222222216
1616654583.0,144.9511485,-37.82012316666667,249.0,1.1777777777777771
1616654584.0,144.95116116666668,-37.8201395,251.0,1.2999999999999987
1616654585.0,144.95117433333334,-37.8201565,252.3,1.3222222222222229
1616654586.0,144.95118033333333,-37.8201615,253.4,1.3333333333333333
1616654587.0,144.95118883333333,-37.8201715,254.6,1.3333333333333333
1616654588.0,144.95119416666665,-37.820169666666665,255.7,1.3444444444444439
1616654589.0,144.95119883333334,-37.82017316666666,256.6,1.322222222222226
1616654590.0,144.95120483333332,-37.82018033333333,257.6,1.3000000000000018
1616654591.0,144.9512165,-37.8202,258.8,1.2666666666666673
1616654592.0,144.95121816666668,-37.820199,260.7,1.2999999999999987
1616654593.0,144.951225,-37.82021116666667,261.7,1.1888888888888876
1616654594.0,144.95123316666667,-37.820225,262.9,1.177777777777774
1616654595.0,144.95124183333334,-37.8202425,263.4,1.111111111111108
1616654596.0,144.951249,-37.820256,264.4,1.088888888888887
1616654597.0,144.951258,-37.820274,265.3,1.066666666666669
1616654598.0,144.95126933333333,-37.82029883333333,264.9,0.9222222222222172
1616654599.0,144.9512795,-37.82031933333333,265.9,0.9222222222222172
1616654600.0,144.95128583333334,-37.8203305,267.0,0.9111111111111099
1616654601.0,144.95129716666668,-37.8203545,267.4,0.7444444444444431
1616654602.0,144.95130466666666,-37.82037166666667,268.1,0.7111111111111149
1616654603.0,144.95131516666666,-37.82039566666667,269.1,0.688888888888894
1616654604.0,144.95132416666667,-37.8204115,269.5,0.6777777777777803
1616654605.0,144.95131816666665,-37.820396833333334,270.7,0.7000000000000013
1616654606.0,144.95131983333334,-37.820400166666666,271.7,0.7111111111111086
1616654607.0,144.95132416666667,-37.82041233333333,272.0,0.7888888888888914
1616654608.0,144.95132833333332,-37.820427333333335,273.3,0.822222222222226
1616654609.0,144.95132783333332,-37.820429833333336,274.4,0.8222222222222197
1616654610.0,144.95133466666667,-37.82045333333333,274.9,0.8333333333333334
1616654611.0,144.95133766666666,-37.820461,275.8,0.8555555555555543
1616654612.0,144.9513385,-37.820469333333335,276.7,0.8444444444444407
1616654613.0,144.95134266666668,-37.820486833333334,277.5,0.8888888888888888
1616654614.0,144.95134466666667,-37.8205095,278.1,0.822222222222226
1616654615.0,144.951346,-37.82051933333334,279.2,0.8333333333333334
1616654616.0,144.95134466666667,-37.820536833333335,280.6,0.955555555555558
1616654617.0,144.9513435,-37.8205455,281.5,0.9111111111111099
1616654618.0,144.9513415,-37.820557,281.8,0.822222222222226
1616654619.0,144.95133883333332,-37.820559833333334,281.7,0.7555555555555569
1616654620.0,144.95133833333333,-37.82057366666667,282.1,0.7000000000000013
1616654621.0,144.951332,-37.82057183333333,282.4,0.6333333333333321
1616654622.0,144.95132616666666,-37.820564833333336,283.1,0.6222222222222248
1616654623.0,144.951324,-37.8205705,283.8,0.6333333333333321
1616654624.0,144.95132316666667,-37.820575,284.0,0.5333333333333345
1616654625.0,144.95132216666667,-37.820579,283.8,0.3555555555555543
1616654626.0,144.951319,-37.820578833333336,283.8,0.2555555555555568
1616654627.0,144.95131583333333,-37.82058333333333,283.6,0.20000000000000126
1616654628.0,144.95130833333334,-37.8205785,283.9,0.2444444444444432
1616654629.0,144.951307,-37.820577166666666,284.3,0.2444444444444432
1616654630.0,144.9513095,-37.820583666666664,284.6,0.2444444444444495
1616654631.0,144.9513085,-37.820579,284.7,0.17777777777777398
1616654632.0,144.95130583333332,-37.820578,285.0,0.13333333333333208
1616654633.0,144.95130733333335,-37.82058633333333,285.2,0.13333333333333208
1616654634.0,144.951308,-37.820591,285.2,0.15555555555555303
1616654635.0,144.951304,-37.82060216666667,285.0,0.13333333333333208
1616654636.0,144.95129766666668,-37.82059066666667,284.8,0.13333333333333208
1616654637.0,144.95128066666666,-37.82056816666667,284.8,0.1000000000000038
1616654638.0,144.95126366666668,-37.82054883333333,284.8,0.05555555555555555
1616654639.0,144.951253,-37.8205235,284.8,0.02222222222222096
1616654640.0,0.0,0.0,0.0,-31.633333333333333
1616654641.0,144.95125266666668,-37.820514333333335,261.4,-2.622222222222225
1616654642.0,144.95124633333333,-37.8205,261.5,-2.633333333333332
1616654643.0,144.95124933333332,-37.820496166666665,261.6,-2.6222222222222182
1616654644.0,144.95124883333332,-37.820485,261.8,-2.5777777777777766
1616654645.0,144.951245,-37.82046733333333,262.2,-2.5111111111111137
1616654646.0,0.0,0.0,0.0,-31.644444444444446
1616654647.0,144.95124916666666,-37.820425166666666,262.5,-2.477777777777779
1616654648.0,144.95124583333333,-37.820408,262.8,-2.4444444444444446
1616654649.0,144.95124533333333,-37.82040416666667,263.2,29.244444444444444
1616654650.0,144.95124966666666,-37.8204035,263.5,0.23333333333333586
1616654651.0,144.951243,-37.8203925,263.9,0.26666666666666416
1616654652.0,144.95124416666667,-37.82039366666667,264.3,0.2999999999999987
1616654653.0,144.95125333333334,-37.820407,264.7,0.3222222222222197
1616654654.0,144.95124916666666,-37.820408,265.1,0.322222222222226
1616654655.0,144.95125333333334,-37.82041616666667,265.5,29.5
1616654656.0,144.95125916666666,-37.82041783333333,265.9,0.37777777777777527
1616654657.0,144.95126,-37.820411,266.2,0.37777777777777527
1616654658.0,144.95126183333332,-37.82040333333333,266.5,0.3666666666666679
1616654659.0,144.95126583333334,-37.820405,266.8,0.3666666666666679
1616654660.0,144.95127383333335,-37.820384833333335,267.9,0.4444444444444444
1616654661.0,144.95128066666666,-37.82037733333333,268.8,0.5
1616654662.0,144.951294,-37.820368333333334,269.8,0.5666666666666692
1616654663.0,144.951302,-37.8203555,271.0,0.655555555555553
1616654664.0,144.95131316666667,-37.8203365,272.3,0.7555555555555569
1616654665.0,144.95132966666668,-37.82030916666667,273.7,0.8666666666666679
1616654666.0,144.9513435,-37.820289833333334,274.8,0.955555555555558
1616654667.0,144.95136033333333,-37.82025733333333,276.2,1.0777777777777766
1616654668.0,144.95137133333333,-37.82024066666666,277.5,1.1888888888888876
1616654669.0,144.951382,-37.820216333333335,278.8,1.2111111111111148
1616654670.0,144.95139083333333,-37.82019733333333,280.0,1.2444444444444431
1616654671.0,144.95139883333334,-37.82019283333333,281.2,1.2666666666666642
1616654672.0,144.95141033333334,-37.8202,282.3,1.2555555555555569
1616654673.0,0.0,0.0,0.0,-30.255555555555556
1616654674.0,144.95143116666668,-37.820183,284.1,1.1555555555555594
1616654675.0,144.95143666666667,-37.82017283333333,284.9,1.1222222222222185
1616654676.0,0.0,0.0,0.0,-30.688888888888886
1616654677.0,0.0,0.0,0.0,-30.833333333333332
1616654678.0,144.95143966666666,-37.820179333333336,285.4,0.7333333333333295
1616654679.0,144.9514395,-37.820177,285.8,0.6444444444444457
1616654680.0,0.0,0.0,0.0,-31.244444444444444
1616654681.0,0.0,0.0,0.0,-31.366666666666667
1616654682.0,0.0,0.0,0.0,0.0
1616654683.0,0.0,0.0,0.0,-31.56666666666667
1616654684.0,144.95145066666666,-37.82021233333333,286.3,0.15555555555555933
1616654685.0,144.951444,-37.82022716666667,286.7,31.855555555555554
1616654686.0,144.95144966666666,-37.82021616666667,287.1,31.900000000000002
1616654687.0,144.95145883333333,-37.8202545,287.4,0.2222222222222222
1616654688.0,144.95147066666667,-37.82027033333333,287.6,0.20000000000000126
1616654689.0,144.95146816666667,-37.8202795,287.8,31.977777777777778
1616654690.0,144.95145983333333,-37.820258833333334,288.0,32.0
1616654691.0,144.95145416666668,-37.82023516666667,288.2,32.02222222222222
1616654692.0,144.9514365,-37.820189666666664,288.4,32.044444444444444
1616654693.0,144.9514225,-37.82015583333333,288.5,0.2444444444444432
1616654694.0,144.95140716666666,-37.82012,288.6,0.2111111111111149
1616654695.0,144.95139566666666,-37.820092833333334,288.7,0.17777777777777398
1616654696.0,144.95137933333334,-37.82005916666667,288.6,0.13333333333333838
1616654697.0,144.95135516666667,-37.820013833333334,288.4,0.08888888888888384
1616654698.0,144.95133716666666,-37.819992,288.3,0.05555555555555555
1616654699.0,144.951317,-37.819964,288.0,0.0
1616654700.0,144.9513125,-37.819985,287.6,-0.06666666666666288
1616654701.0,144.95123866666665,-37.8198115,287.7,-0.07777777777777652
1616654702.0,144.95119166666666,-37.81969566666667,287.7,-0.08888888888889016
1616654703.0,144.95117383333334,-37.819656,287.6,-0.1111111111111111
1616654704.0,144.95116416666667,-37.81964,287.5,-0.13333333333333208
1616654705.0,144.9511535,-37.819624833333336,287.4,-0.13333333333333838
1616654706.0,144.95116416666667,-37.819666166666664,287.3,-0.12222222222221843
1616654707.0,144.95116983333332,-37.819687,287.3,-0.1111111111111111
1616654708.0,144.95116633333333,-37.81968883333333,287.3,-0.07777777777777652
1616654709.0,144.95116983333332,-37.819709,287.3,-0.033333333333334596
1616654710.0,144.95117183333332,-37.819704333333334,287.3,-0.04444444444444192
1616654711.0,144.95117483333334,-37.81970483333333,287.2,-0.05555555555555555
1616654712.0,144.9511775,-37.81971433333333,287.2,-0.044444444444448235
1616654713.0,144.9511765,-37.819711833333336,287.2,-0.033333333333334596
1616654714.0,144.95118183333332,-37.8197165,287.1,-0.03333333333332828
1616654715.0,144.95118283333332,-37.81972716666667,287.1,-0.02222222222222096
1616654716.0,144.9511845,-37.819736666666664,287.0,-0.033333333333334596
1616654717.0,144.95118016666666,-37.8197415,287.0,-0.033333333333334596
1616654718.0,144.9511755,-37.81975216666667,287.2,-0.011111111111113637
1616654719.0,0.0,0.0,0.0,-31.922222222222224
1616654720.0,0.0,0.0,0.0,-31.91111111111111
1616654721.0,144.951194,-37.8198075,287.4,0.02222222222222096
1616654722.0,144.95119283333332,-37.81982433333334,287.6,0.044444444444448235
1616654723.0,144.95120933333334,-37.8198455,287.9,0.08888888888888384
1616654724.0,144.95121466666666,-37.81984083333333,288.1,0.1111111111111111
1616654725.0,144.95121766666668,-37.81983316666667,288.3,0.1444444444444457
1616654726.0,144.9512265,-37.819825,288.5,0.16666666666666666
1616654727.0,144.95124283333334,-37.819816333333335,288.8,0.1777777777777803
1616654728.0,144.95125816666666,-37.819822,289.2,32.13333333333333
1616654729.0,144.9512715,-37.819818,289.7,32.18888888888889
1616654730.0,144.95128416666665,-37.81982933333333,290.2,0.3111111111111124
1616654731.0,144.95129183333333,-37.81982,290.8,0.3555555555555543
1616654732.0,144.95129833333334,-37.819830833333334,291.3,0.37777777777778154
1616654733.0,144.951307,-37.819837666666665,291.9,0.42222222222221717
1616654734.0,144.95131633333332,-37.81984816666667,292.6,0.477777777777779
1616654735.0,144.9513315,-37.819887666666666,293.2,0.5222222222222209
1616654736.0,144.95133766666666,-37.819899,293.9,0.5666666666666629
1616654737.0,144.95134683333333,-37.81991766666667,294.6,0.6000000000000038
1616654738.0,144.951349,-37.81990916666667,295.3,0.6222222222222248
1616654739.0,144.9513555,-37.81993683333334,296.0,0.6444444444444457
1616654740.0,144.95136266666665,-37.819939833333336,296.7,0.655555555555553
1616654741.0,144.95136866666667,-37.81994566666667,297.4,0.677777777777774
1616654742.0,144.95137766666667,-37.8199595,298.2,0.7000000000000013
1616654743.0,144.95137566666668,-37.819945,299.0,0.7111111111111086
1616654744.0,144.9513765,-37.819934333333336,299.9,0.7444444444444431
1616654745.0,144.95137966666667,-37.8199455,300.9,0.7777777777777778
1616654746.0,144.95137566666668,-37.819941166666666,301.9,0.811111111111106
1616654747.0,144.95137216666666,-37.819939166666664,302.9,0.8444444444444407
1616654748.0,144.95137033333333,-37.81994266666667,303.9,0.8777777777777752
1616654749.0,144.9513725,-37.819958,304.9,0.9111111111111099
